district,id,pop,dist_to_cl
GULU,"130831","23",1771.216980965132507
GULU,"147466","4",22193.312824937951518
GULU,"169680","5",27211.760988139256369
GULU,"122352","21",1653.922917333510668
GULU,"167435","5",26037.853570474675507
GULU,"126770","23",1345.333431779421289
GULU,"165499","5",27197.805826511110354
GULU,"157569","4",22595.968019420000928
GULU,"99128","15",16763.066760299345333
GULU,"125009","45",4064.839990873852003
GULU,"157915","6",48730.832420884733438
GULU,"99700","6",29495.084997526373627
GULU,"71047","3",41319.559897237639234
GULU,"121709","21",2217.437396163109952
GULU,"164129","5",24543.275525473181915
GULU,"85240","3",28358.046461883426673
GULU,"116478","15",4218.576916884678212
GULU,"87595","9",26267.574177051152219
GULU,"123056","21",1014.951989615024445
GULU,"123057","21",1046.555277258055867
GULU,"158262","4",27262.545816900441423
GULU,"123796","21",2029.877160798077966
GULU,"117960","6",13422.849306967376833
GULU,"134303","11",12732.625773478974224
GULU,"145334","6",48270.105514896888053
GULU,"142634","11",15492.400702350421852
GULU,"123336","45",1660.085301629639616
GULU,"113564","15",9707.297422229685253
GULU,"74866","3",37029.513729469530517
GULU,"153933","4",25447.883763715857640
GULU,"99733","3",21468.889909878693288
GULU,"176111","22",36138.920211434240628
GULU,"121543","15",3087.847173043269322
GULU,"151195","6",37118.870511031869682
GULU,"90425","3",30096.442981742013217
GULU,"114035","15",5558.214546559323026
GULU,"103638","6",18126.263453780640702
GULU,"131162","11",17676.160871996617061
GULU,"151198","6",39265.941896662996442
GULU,"129536","21",4424.823754421391641
GULU,"167546","5",26117.101125019595202
GULU,"111193","6",23907.278403847500158
GULU,"130094","4",21080.000601717671088
GULU,"111194","6",24401.930067688736017
GULU,"139979","6",39950.559969187146635
GULU,"72294","3",41357.450049117986055
GULU,"108574","6",23688.637973729844816
GULU,"113601","15",5891.672039209171999
GULU,"172997","5",30784.825969890905981
GULU,"120974","6",13848.058729738939292
GULU,"97555","3",24083.531749711935845
GULU,"121598","45",2327.598606449704221
GULU,"162124","5",26194.100320258618012
GULU,"169795","5",28936.429688865449862
GULU,"70743","3",41037.804065731834271
GULU,"126862","23",819.162035672324805
GULU,"170004","5",29653.360955154865223
GULU,"140910","11",14753.384755285767824
GULU,"96589","3",20401.676836296377587
GULU,"157305","6",54894.656604233918188
GULU,"119720","15",3139.654368921989317
GULU,"145054","6",45659.318950631670305
GULU,"109441","6",15468.131207468946741
GULU,"160454","6",58538.894893040436727
GULU,"138710","4",25992.510626150138705
GULU,"104279","6",22540.042660443166824
GULU,"98671","3",21949.157013578944316
GULU,"89567","3",27177.351250580275519
GULU,"136882","11",4449.159978405341462
GULU,"110410","15",9134.551508349266442
GULU,"83496","3",31601.942856056364690
GULU,"172855","5",30061.886719663267286
GULU,"129758","21",1880.666443973996365
GULU,"99057","15",16825.749961500387144
GULU,"161888","5",26713.023235508462676
GULU,"154821","5",19721.289048893559084
GULU,"142858","4",25535.221473208181123
GULU,"123722","45",1315.481022427501557
GULU,"92456","6",31201.307203844316973
GULU,"152079","4",23922.865821481125749
GULU,"159781","5",26110.529018918365182
GULU,"172716","5",30439.361758535735135
GULU,"148043","4",19711.234141187331261
GULU,"173049","5",30321.082289561869402
GULU,"120054","21",2231.891749299573803
GULU,"96880","3",21713.212545850055903
GULU,"114541","6",22275.576323364330165
GULU,"73951","3",37947.931148348325223
GULU,"149883","5",18554.615129260055255
GULU,"69228","3",42034.187007285690925
GULU,"162159","6",58001.863705196592491
GULU,"130605","23",3620.479465873094341
GULU,"98546","15",17243.929940064037510
GULU,"130028","21",3226.541487594213322
GULU,"142578","4",20871.793353413082514
GULU,"92480","3",23671.831538282160182
GULU,"155459","4",29008.913011515385733
GULU,"100627","6",28213.230847050544980
GULU,"137729","6",35234.328325028051040
GULU,"94988","3",25864.489389874157496
AMURU,"117535","10",42811.865205645292008
NWOYA,"156714","3",43828.756615512793360
AMURU,"44336","11",60752.890892620693194
KITGUM,"30933","4",136596.403571328584803
AMURU,"78359","42",39361.530799155349087
LAMWO,"10315","5",111454.753141215216601
AMURU,"110324","44",14830.380621596044875
AMURU,"116512","10",46567.354947796004126
NWOYA,"173217","1",52426.373434664623346
AMURU,"117544","10",40140.836234478811093
PADER,"167032","10",79278.643298185430467
KITGUM,"49499","8",86787.526273420982761
NWOYA,"179405","1",94598.255022904893849
NWOYA,"166008","3",39435.878361352522916
AGAGO,"69095","7",134940.161387823842233
AGAGO,"103120","6",128694.697386776897474
GULU,"139206","4",25732.640727182621049
KITGUM,"23735","4",137742.930946448293980
LAMWO,"10332","7",88853.776382874260889
AGAGO,"73225","7",131242.895885617210297
NWOYA,"149522","3",40820.008391419643885
AMURU,"93849","42",34361.312508607923519
AGAGO,"62919","7",128792.169806165620685
NWOYA,"173237","1",64497.588172009775008
LAMWO,"15495","5",101760.986371963968850
LAMWO,"10340","8",99133.421559198250179
KITGUM,"48489","4",130530.653387538215611
LAMWO,"14468","13",96564.034221246474772
GULU,"170151","5",29175.282218498483417
AGAGO,"101076","6",131896.660117968945997
LAMWO,"2101","10",122195.144887725953595
PADER,"115511","12",75362.254063749394845
PADER,"107265","13",89222.285812155299936
AMURU,"52623","11",61443.001056079148839
GULU,"169128","5",27264.143974753234943
PADER,"141291","17",69679.332804845544160
LAMWO,"1077","10",133798.576260482717771
AGAGO,"144386","13",127402.875107261017547
PADER,"95930","9",73098.433730530334287
AMURU,"111397","10",46537.629921282219584
NWOYA,"166040","3",41532.618496898088779
AMURU,"118616","10",46695.603473315277370
KITGUM,"67066","10",115676.528102734402637
AMURU,"112433","10",46562.539122515241615
AMURU,"56766","11",59094.639619654059061
AMURU,"118632","10",38394.397953106381465
AMURU,"108322","10",87430.241509533632779
NWOYA,"171213","1",59486.096510198345641
LAMWO,"56775","3",68822.832934595935512
PADER,"67090","6",86571.629717495437944
KITGUM,"31008","4",126028.716770275510498
AGAGO,"68125","7",131223.097733083384810
KITGUM,"60908","10",117473.609126268842374
PADER,"104212","9",72682.542491556043387
AMURU,"7299","11",90651.322939230201882
NWOYA,"173290","3",38675.900905021037033
LAMWO,"67098","3",54066.623426781763555
LAMWO,"44417","3",65378.916263211176556
KITGUM,"18642","4",105724.357280955402530
PADER,"73285","6",74899.494314187992131
AGAGO,"148550","13",129545.420149336132454
PADER,"73287","6",75564.431731545730145
GULU,"77413","3",34398.014743962092325
GULU,"68137","3",44218.540023214198300
PADER,"75355","6",75325.502311911157449
NWOYA,"169176","3",34985.449909887000103
GULU,"144433","6",41068.443846481488436
AGAGO,"131032","26",112228.189716077118646
AMURU,"125880","10",37786.448511681344826
PADER,"118664","12",65393.269659519202833
NWOYA,"179496","3",45691.844730953562248
KITGUM,"57840","10",114768.735812778249965
NWOYA,"135167","3",19705.430463032611442
LAMWO,"41347","3",69845.969464632056770
LAMWO,"26914","3",80032.536275169040891
KITGUM,"36194","4",131087.332916751300218
AGAGO,"140326","49",83809.416139296969050
AGAGO,"72280","7",131466.625331135350280
LAMWO,"16607","5",100886.066864491673186
PADER,"114552","12",77733.747584925760748
AGAGO,"100121","6",133691.378732731507625
GULU,"85692","3",36293.526747845062346
AGAGO,"84661","6",140822.937812441698043
GULU,"69199","3",42305.956723527968279
AGAGO,"137246","49",83802.599861981594586
LAMWO,"18681","13",94493.164365188524243
AGAGO,"106320","8",125176.304488088338985
LAMWO,"15595","7",82352.267515292202006
NWOYA,"168187","1",76639.785016632886254
LAMWO,"4259","6",93998.005765818670625
GULU,"116638","15",4136.305542325644637
LAMWO,"12511","8",99007.185009195425664
AGAGO,"73341","33",110999.423254345470923
KITGUM,"33135","7",146896.274770714284386
KITGUM,"55818","8",85713.481184235904948
AGAGO,"122833","49",95602.567538024028181
NWOYA,"176447","1",95188.145367148550577
LAMWO,"16643","7",82288.879398102188134
AGAGO,"110465","8",116492.575792427916895
PADER,"85721","9",69864.164856412011432
NWOYA,"127994","3",27969.626489521680924
PADER,"104282","9",68004.532688817533199
AMURU,"111502","10",52725.792275104853616
GULU,"129029","26",6641.930294255392255
AGAGO,"54800","7",135011.222672560135834
PADER,"80576","6",67774.599204427140648
PADER,"105322","13",87813.159881687999587
PADER,"106353","13",88039.489996218020678
PADER,"103260","9",68867.518168614275055
AMURU,"110480","44",20914.013559182141762
LAMWO,"11504","8",100511.318041544393054
GULU,"114604","6",25671.386680532996252
PADER,"164092","10",80536.735498867739807
AMURU,"87799","42",30414.297996110293752
NWOYA,"173372","3",45945.184075926423247
LAMWO,"37283","3",69440.125379592558602
GULU,"143477","4",16185.558018916526635
LAMWO,"169","10",138499.772421972593293
PADER,"114610","12",63803.788015053272829
LAMWO,"12542","6",80255.472068376402603
GULU,"71309","3",45656.788602090273343
KITGUM,"17699","7",141210.612707439839141
AGAGO,"115645","6",140000.205773173016496
GULU,"145544","26",15250.419857174916615
NWOYA,"173381","3",49563.729086242768972
GULU,"154825","4",25871.826862010566401
AGAGO,"73377","33",112902.811708962181001
LAMWO,"177","10",138526.360401532088872
KITGUM,"29046","7",151266.077486302790930
LAMWO,"13584","7",83753.354358428783598
LAMWO,"9462","5",112776.805311710209935
LAMWO,"18746","8",95972.770101335801883
AGAGO,"110506","6",140693.395550512854243
NWOYA,"131126","3",41773.337511090037879
GULU,"140406","6",37458.618498650546826
NWOYA,"175462","1",66661.329645208752481
KITGUM,"35248","4",130775.290626000147313
LAMWO,"8448","22",118969.854440319220885
NWOYA,"178563","1",96208.139398380328203
KITGUM,"20821","4",140831.460270933865104
KITGUM,"54846","8",85824.450378427703981
AMURU,"57941","11",57808.381282602189458
AMURU,"108464","10",48913.880064531011158
AMURU,"11551","11",78565.495372871009749
LAMWO,"27019","6",69980.521565943970927
NWOYA,"171359","1",84291.358796131258714
AGAGO,"82696","22",123076.588427554786904
LAMWO,"22900","7",76261.191104655634263
LAMWO,"11560","7",84409.261489596814499
NWOYA,"154871","3",36143.092783417057944
AMURU,"99199","10",70698.672237939521438
GULU,"85796","9",26608.091265677143383
NWOYA,"171369","1",53122.295105066528777
GULU,"158998","5",23988.229621458853217
PADER,"76518","31",56527.350013380470045
LAMWO,"12597","6",79888.679781718572485
LAMWO,"39405","3",71638.484527344859089
KITGUM,"34250","4",106834.926660680706846
KITGUM,"44562","8",88651.887487750966102
NWOYA,"169314","3",41385.709006410397706
NWOYA,"173438","1",59408.926837790269929
GULU,"132200","23",2313.990659212006904
LAMWO,"1270","10",133242.852208406053251
KITGUM,"53852","5",99874.464267409653985
GULU,"117776","6",24916.973664313023619
AMURU,"115715","10",49148.418903925157792
KITGUM,"34267","7",146970.281280579481972
AGAGO,"97161","6",131740.290949767688289
GULU,"94069","3",25196.011643730227661
AMURU,"14688","11",78239.529112636228092
AMURU,"111602","44",15524.890906936258034
AGAGO,"82737","22",122410.440619160435745
PADER,"107485","13",88014.006114404794062
NWOYA,"143571","3",31799.033368511543813
LAMWO,"51813","3",64790.934410773435957
AGAGO,"100270","6",131752.456469632743392
PADER,"97178","12",88593.419460489240009
AMURU,"118830","10",42105.037332788131607
AMURU,"104397","10",75247.114812764004455
GULU,"113677","6",16377.065113000926431
PADER,"72438","31",68583.129861539680860
AGAGO,"63160","7",129960.786396377865458
GULU,"95122","6",29711.485900267616671
AGAGO,"80688","33",115474.300691503667622
PADER,"166263","10",79633.063491958979284
GULU,"155959","4",22332.347211811844318
GULU,"136371","4",21824.428595061050146
LAMWO,"13685","6",78587.736541790931369
KITGUM,"45650","8",87600.574913401767844
LAMWO,"30187","3",76918.606458229420241
NWOYA,"167310","3",48718.515228511510941
NWOYA,"153910","3",47706.466606962487276
NWOYA,"167317","3",37313.546792440793070
PADER,"84839","20",41308.688342721550725
LAMWO,"24014","7",75118.468027150724083
LAMWO,"14736","7",80984.379213104970404
LAMWO,"2366","10",121561.995676748600090
KITGUM,"51856","8",87516.744676561138476
KITGUM,"27113","4",105259.547785803908482
PADER,"116813","12",74836.127040831677732
PADER,"70418","6",79624.965285362923169
PADER,"73512","6",79397.473802482927567
PADER,"87947","15",75544.122385825001402
LAMWO,"61143","3",65252.285018287526327
AMURU,"114756","10",48739.190330634097336
AGAGO,"112697","8",115757.541538312798366
LAMWO,"34341","3",70352.839994855210534
AGAGO,"154970","26",113939.770443991947104
KITGUM,"47747","8",86582.700127929449081
GULU,"98267","3",22996.928613581301761
LAMWO,"39501","3",67413.474911452402011
KITGUM,"44658","8",88218.852695723238867
NWOYA,"163223","3",43948.030385397694772
LAMWO,"19915","13",89763.595520666029188
GULU,"133325","26",4714.183300458902522
GULU,"126114","23",467.394248901078299
GULU,"111681","15",7432.197452875620002
LAMWO,"17861","7",80115.826798596113804
AMURU,"101373","10",46927.335807142975682
KITGUM,"28173","4",109922.399829108428094
LAMWO,"14772","6",77829.133836031614919
NWOYA,"158082","3",37593.286065934909857
AGAGO,"72510","7",131953.558952411462087
GULU,"96226","3",23532.542861496862315
AGAGO,"79733","7",128293.340000826734467
KITGUM,"37462","4",131431.005536347714951
LAMWO,"17874","13",94516.296855560882250
GULU,"145718","6",40679.097628184841597
PADER,"89016","9",68914.798080604407005
PADER,"76649","6",78348.101466273597907
NWOYA,"178723","3",42970.811873262231529
AMURU,"112740","10",50192.934186413891439
KITGUM,"11702","7",160956.675747041881550
PADER,"128207","12",73501.235659884798224
PADER,"78719","6",91313.348876698670210
KITGUM,"23047","4",106852.816230116848601
AMURU,"39544","11",65115.071548298641574
GULU,"155017","6",47734.116586760377686
KITGUM,"55010","8",86278.220925254165195
GULU,"170482","5",29619.624000349773269
AGAGO,"149863","27",97476.111411514692008
GULU,"152956","6",36781.646447036844620
NWOYA,"164299","3",43576.444037636727444
PADER,"105538","13",88345.831499535648618
LAMWO,"11720","8",99149.282326226166333
LAMWO,"10689","13",97447.485719199496089
GULU,"169463","5",27227.076970878326392
KITGUM,"33372","4",105220.641509903827682
NWOYA,"171526","3",42864.634119411079155
PADER,"112762","9",71567.519712402703590
NWOYA,"162250","1",79223.350027467968175
AMURU,"88020","42",30134.358184507971600
AGAGO,"136477","13",129974.656267612765078
NWOYA,"167407","1",53502.120856933594041
AGAGO,"82866","22",122485.642433283544960
AMURU,"105551","10",76489.332059266569559
LAMWO,"28228","13",91631.115924286976224
LAMWO,"6578","5",113232.157318191064405
AMURU,"116896","10",42164.196433392891777
LAMWO,"3487","5",120302.699680224424810
GULU,"91122","3",27743.612071160368941
NWOYA,"139579","3",34037.705477868308662
KITGUM,"29264","7",151100.962551326607354
KITGUM,"10708","7",146490.313624935806729
AMURU,"55042","11",59039.375637185279629
KITGUM,"52980","10",108182.028155340682133
GULU,"173610","5",32354.508976992663520
AGAGO,"70512","7",128279.613893684829236
AMURU,"110722","44",14604.409857068885685
GULU,"84947","3",28087.357832122757827
AMURU,"50925","11",59388.184354166398407
GULU,"118973","6",24975.939499244770559
LAMWO,"6601","5",114337.238510400697123
GULU,"146818","6",36395.914318886592810
GULU,"120013","21",2628.877976452644816
GULU,"75682","3",36521.559612707424094
LAMWO,"6608","5",113240.589053210394923
PADER,"155078","10",73172.906147635556408
KITGUM,"22080","4",107049.459615179235698
LAMWO,"8677","8",103298.934968749192194
PADER,"84971","15",81059.436190969659947
AGAGO,"76724","7",125822.534460318638594
KITGUM,"45794","4",129705.263685116558918
PADER,"91159","15",88947.768264277663548
NWOYA,"146838","3",94889.822400796940201
KITGUM,"41679","8",87461.974537085989141
PADER,"141687","17",71361.179560168646276
GULU,"174681","22",31465.751589241812326
PADER,"78800","20",46834.097878530534217
PADER,"149941","17",64864.388256877908134
AGAGO,"75710","7",131992.795143131341320
PADER,"137571","17",62748.213809370528907
AGAGO,"104580","8",112775.692519706572057
AGAGO,"73653","7",131756.099988712638151
LAMWO,"15918","8",98644.577743358691805
GULU,"128298","23",1268.053120190270874
AGAGO,"65411","7",136087.015095308452146
LAMWO,"14892","13",96087.814202437220956
LAMWO,"14894","8",96970.968345210712869
KITGUM,"40670","5",101229.817482326499885
AGAGO,"61292","7",128481.772925585770281
GULU,"113877","6",26610.765280508421711
NWOYA,"164396","3",43659.400228689592041
AMURU,"116975","10",38419.066621949838009
NWOYA,"170588","3",46927.243781540659256
PADER,"109760","13",87366.722480162425200
KITGUM,"23157","4",137746.320472491352120
PADER,"74707","6",77614.105305849268916
LAMWO,"61310","3",65147.991302719303349
KITGUM,"25226","4",105025.270904047007207
NWOYA,"177815","3",41106.933329625433544
LAMWO,"1515","10",122828.267755531211151
LAMWO,"26265","3",76348.392340102713206
AGAGO,"158236","26",120883.909594511394971
KITGUM,"43796","8",87995.123180428068736
PADER,"95346","9",70593.263201976587879
NWOYA,"178857","3",44044.333407329235342
AMURU,"119061","10",37576.744746583994129
AGAGO,"72669","7",132114.790123600017978
PADER,"70607","6",79190.891001743613742
NWOYA,"156180","3",36551.674479605935630
GULU,"112881","15",7591.303698354470725
AMURU,"61332","11",55101.585952093795640
AGAGO,"64426","7",136813.896784914977616
PADER,"77833","31",55394.589476287670550
AMURU,"120105","44",11438.575810371341504
AMURU,"59277","11",57002.527545890123292
KITGUM,"47937","8",87830.601843457232462
GULU,"120108","21",2192.995597552414893
PADER,"76806","6",70098.303990108441212
AMURU,"105675","10",48765.606327458830492
AGAGO,"55158","7",133068.302558797091478
KITGUM,"19078","4",135337.682112016569590
PADER,"108775","9",73130.464650621899636
LAMWO,"34544","3",70621.123369796929182
AMURU,"77848","42",40225.402701693063136
AMURU,"98468","44",29010.240010234290821
KITGUM,"19082","7",155022.850236492464319
NWOYA,"157239","1",69967.021767509097117
GULU,"144868","6",40663.317600937232783
NWOYA,"137653","3",20057.008759694388573
AMURU,"100538","10",40612.305341408056847
AGAGO,"148996","27",101539.054497559904121
AGAGO,"99513","8",116071.768573884968646
AMURU,"88172","42",30257.812786652855721
AMURU,"61366","11",55020.762037178901664
LAMWO,"10848","13",97402.310076975190896
PADER,"105700","13",87966.759173291400657
LAMWO,"2601","10",133661.562945700716227
NWOYA,"177873","3",41959.364556366192119
LAMWO,"28381","3",79645.032628515342367
NWOYA,"160350","3",29557.722155926079722
KITGUM,"49003","10",111594.523393943483825
NWOYA,"154165","3",44557.021851546094695
NWOYA,"155198","3",36780.992048401880311
AGAGO,"150044","26",115127.045564246218419
AMURU,"41791","11",63837.727365052051027
PADER,"73754","6",86377.977207099771476
AMURU,"90252","42",29343.788520430887729
KITGUM,"30454","7",147073.633617745246738
GULU,"75818","3",36472.837445956633019
KITGUM,"7777","7",157311.182513217267115
KITGUM,"10872","7",146294.047870099224383
GULU,"90259","3",26618.636112843265437
AGAGO,"122221","13",126060.062656686437549
GULU,"162430","6",52370.285090389224933
KITGUM,"36649","5",94277.328013690814259
GULU,"115005","6",6465.727725924428341
AMURU,"109853","44",14392.711048146418761
PADER,"90265","9",68295.923694022494601
NWOYA,"178931","1",94848.910868416685844
KITGUM,"24282","4",129994.243366526847240
KITGUM,"7787","7",157242.696244432416279
LAMWO,"26346","3",79770.654155582844396
AGAGO,"131510","26",111892.316060428158380
NWOYA,"161411","3",39655.702099549082050
NWOYA,"179974","1",99359.216407248837641
KITGUM,"42852","5",92033.934454566144268
NWOYA,"169667","1",50616.135779387026560
GULU,"136676","11",4353.372568967783081
AMURU,"62444","11",50459.137585541357112
PADER,"92343","9",70896.413613727621851
AGAGO,"51107","7",137345.628429635427892
GULU,"113998","15",5478.334270240877231
KITGUM,"49046","8",86590.240606358682271
LAMWO,"20180","8",96603.335125167650403
LAMWO,"19149","7",79379.515974091002136
AGAGO,"56266","7",135464.579777300299611
PADER,"105754","13",88206.923695580670028
AMURU,"117096","10",40253.116384594577539
LAMWO,"594","10",139426.335061928635696
GULU,"103695","6",21363.533736671164661
KITGUM,"58333","5",100564.587512343656272
LAMWO,"19159","13",86426.550266013960936
LAMWO,"16066","13",90839.877372794333496
PADER,"94426","9",73446.617735348132555
PADER,"136700","17",67958.126855165930465
LAMWO,"611","10",138344.864952649717452
KITGUM,"64533","34",100305.217064533906523
AGAGO,"112990","8",115837.916980590292951
AGAGO,"89279","6",128075.356263287292677
GULU,"156294","6",59281.790871054945455
GULU,"149078","6",42084.843053889300791
PADER,"95466","15",74025.821941200876608
LAMWO,"19173","8",95445.343653682022705
NWOYA,"176917","3",38096.119447124263388
GULU,"154237","4",29687.062126724882546
NWOYA,"157330","3",43146.218895727586641
LAMWO,"28457","3",77506.207113187658251
PADER,"125371","12",71120.829033377798623
PADER,"74853","6",72568.991469480533851
NWOYA,"176922","3",40432.963777595956344
LAMWO,"29490","3",73532.694479017212871
AGAGO,"115063","6",130491.516196309283259
GULU,"99599","6",29426.932865528018738
AGAGO,"107854","8",114618.260622552304994
GULU,"172808","5",30851.168132977236382
PADER,"99607","12",82543.275483840945526
KITGUM,"60430","34",104882.524527423040126
AMURU,"58369","11",54857.700922874988464
AGAGO,"142912","26",115531.786456788569922
AGAGO,"141883","27",93640.750721722070011
AMURU,"35690","11",65723.428900602797512
AMURU,"62496","11",53573.567447273177095
LAMWO,"27445","3",75297.127058820886305
AMURU,"119205","10",46859.816969550993235
LAMWO,"27448","3",77756.414466030604672
GULU,"125393","45",3387.893601795697123
KITGUM,"33635","7",147188.625303069798974
AMURU,"116117","10",40450.180065046064556
AGAGO,"81065","33",115587.396414137881948
AMURU,"74881","42",45742.242166120922775
AGAGO,"110967","6",139186.443417359172599
AGAGO,"100658","6",131875.651017788826721
PADER,"86225","9",71522.767723677825416
NWOYA,"165612","3",40802.785862198499672
PADER,"69731","6",79545.191068108542822
AMURU,"91383","42",28568.095179960990208
NWOYA,"149119","3",41373.329275328404037
GULU,"152214","4",23291.206245410041447
PADER,"108913","13",88414.511811739648692
KITGUM,"56333","10",116173.920001047707046
KITGUM,"51178","5",95101.242609536609962
AGAGO,"83140","22",122059.791638708338724
LAMWO,"22311","7",75538.338202245737193
LAMWO,"5816","5",114802.425310631864704
AMURU,"112009","10",46211.897997597996437
PADER,"137785","17",63434.088490063011704
LAMWO,"19221","13",95103.387143578875111
NWOYA,"138817","3",27326.398989340257685
GULU,"162532","5",22687.436327610885201
GULU,"100673","6",27510.055291334392678
AMURU,"86241","42",31522.592643874628266
KITGUM,"27474","4",107916.844042901531793
AMURU,"69745","42",46499.346188797630020
PADER,"71807","20",46954.290179383518989
KITGUM,"33667","5",96449.780595512682339
PADER,"161513","10",75893.654834895860404
KITGUM,"21301","4",109030.426218054650235
LAMWO,"12024","8",97340.120974020464928
NWOYA,"179046","1",94452.008976336568594
KITGUM,"55327","5",90057.657530618118471
AGAGO,"70792","7",133773.373773853381863
KITGUM,"50173","8",86667.861581330842455
AGAGO,"119251","49",88793.264457963785389
GULU,"163585","6",49701.649059065828624
PADER,"90384","15",91243.312271908129333
KITGUM,"33680","4",122541.805622088024393
NWOYA,"158433","3",41597.085836089521763
GULU,"137814","26",6466.678001288177256
AMURU,"58428","11",57135.737598493971745
PADER,"83173","20",47718.920181963316281
NWOYA,"161529","3",46561.591881457425188
LAMWO,"694","10",137871.647227804671274
GULU,"150189","26",16297.940112512516862
PADER,"155344","10",76283.549508325959323
NWOYA,"142972","3",27068.585254915276892
NWOYA,"149158","3",36797.043089387349028
KITGUM,"63586","34",90481.347012360594817
LAMWO,"27501","3",79098.931561717326986
NWOYA,"123386","3",81707.018520017678384
GULU,"133697","11",18295.583763210448524
AMURU,"99676","44",29872.174604467069003
AMURU,"35755","11",67774.017394336755387
GULU,"109995","15",9352.660194744756154
PADER,"124429","12",78581.545452207123162
LAMWO,"1741","7",154342.106517813430401
AGAGO,"90408","6",131628.120435583521612
GULU,"172889","5",30102.875395951185055
AMURU,"59483","11",56939.918651294843585
KITGUM,"58452","5",90039.186861908005085
NWOYA,"120317","3",51136.781438836784218
LAMWO,"19280","8",95338.497870096616680
NWOYA,"175992","1",51833.298374542740930
AGAGO,"84236","22",122105.540364583051996
AMURU,"28566","11",71506.366561622853624
NWOYA,"133728","3",82833.388380388103542
GULU,"86303","3",30760.205788066137757
NWOYA,"133731","3",48567.545640028693015
PADER,"99709","9",65192.180322229207377
NWOYA,"178068","1",83602.086354793224018
PADER,"94559","15",80571.362921797714080
LAMWO,"14143","13",96492.011964519726462
PADER,"83223","9",72754.996245822359924
GULU,"145088","4",17300.371209296165034
NWOYA,"155402","3",37000.278991659113672
AMURU,"41993","11",63688.507533164542110
NWOYA,"174992","3",51924.082558989051904
LAMWO,"2816","10",122992.362922592554241
PADER,"123443","12",75748.396399049539468
PADER,"68803","6",83562.002080331207253
GULU,"120354","6",5705.288361459336556
KITGUM,"23441","7",153970.984230149595533
AMURU,"91491","10",57402.246720449453278
AMURU,"111081","10",74318.464137307353667
AMURU,"35818","11",67561.776041633653222
AGAGO,"83246","22",122884.125515990264830
PADER,"109022","9",73624.823363511255593
KITGUM,"49225","8",86848.818492931794026
AMURU,"119334","10",40087.657096242233820
AMURU,"56444","11",58336.447568179224618
NWOYA,"170885","1",55165.309098517362145
KITGUM,"64693","6",78209.437797490216326
NWOYA,"177072","3",48143.485954571115144
KITGUM,"36857","4",131590.664336241112323
PADER,"113154","9",63316.294057813182008
KITGUM,"42016","8",87670.107690848773927
KITGUM,"45112","8",87612.995413577838917
NWOYA,"177082","1",57687.058324734192865
NWOYA,"123471","3",41582.344069701735862
KITGUM,"53364","8",85258.058423303460586
PADER,"83264","9",72742.790913218792411
KITGUM,"27592","4",105268.484028098362614
PADER,"63678","6",85045.239702622246114
KITGUM,"49248","5",94289.605901819872088
PADER,"79148","20",45492.261889241366589
AGAGO,"138947","13",133462.521933551004622
AGAGO,"69873","7",132865.100393343658652
AGAGO,"66785","22",118397.997684739384567
AMURU,"110089","10",50409.696616726672801
PADER,"71942","6",82633.442942447858513
NWOYA,"161639","3",39809.519980163175205
NWOYA,"180201","1",106159.853092323857709
AMURU,"124528","44",8783.856408576290050
AGAGO,"81227","22",126985.500210506041185
AGAGO,"119375","13",131012.026882136415225
AGAGO,"136902","26",109498.473979960574070
GULU,"148245","4",35201.133325877017342
PADER,"67827","6",84551.251036303889123
AMURU,"114224","10",48710.601669852461782
GULU,"121441","21",1513.306763809651557
NWOYA,"178146","1",95391.841249831981258
AGAGO,"72985","33",109851.301076374395052
AMURU,"12161","11",81681.321356201951858
AMURU,"29688","11",66598.860251851700014
LAMWO,"10100","6",81308.492002134982613
AGAGO,"146196","27",88404.780027357875952
KITGUM,"58566","10",114282.319951707351720
NWOYA,"177131","3",43132.539825765881687
AMURU,"96714","42",26042.024678674293682
GULU,"115275","15",5256.099167296530140
AGAGO,"67850","7",134385.913594652840402
AMURU,"7021","11",91145.695806011819514
NWOYA,"171981","1",57639.143001168878982
NWOYA,"175075","1",57212.967898330432945
NWOYA,"173013","3",42959.437543243788241
PADER,"94658","15",73917.194084940041648
AMURU,"58574","11",57550.466940039397741
AGAGO,"98785","6",125158.635914059879724
PADER,"109097","13",87692.727020721271401
GULU,"134873","21",3585.575696692327256
AGAGO,"56520","7",135624.262179652549094
NWOYA,"174055","3",47270.709352703292097
AGAGO,"75080","7",129957.904913478865637
GULU,"127661","23",899.930618041365051
AGAGO,"110135","6",131945.011985200719209
NWOYA,"176119","3",39593.344648628837604
NWOYA,"136941","3",46572.691042961254425
LAMWO,"10130","8",97751.903740617504809
AMURU,"116324","10",47496.550286397643504
KITGUM,"35906","6",96909.724906507777632
GULU,"97770","3",23204.235173233355454
AMURU,"63749","11",52148.859836113355414
AMURU,"99836","10",48544.047384830075316
AMURU,"99838","10",44530.729325837572105
PADER,"95715","15",73755.328363342458033
LAMWO,"20453","8",97289.701168089042767
KITGUM,"53448","8",85446.547666183178080
AGAGO,"78194","7",126751.516246553568635
AGAGO,"150369","26",113672.841849691918469
KITGUM,"42114","8",89417.388678698189324
AGAGO,"108101","6",132418.664254960021935
AGAGO,"97791","6",131864.264510738488752
AMURU,"95730","44",37546.603401063264755
PADER,"168932","10",76944.665166529157432
PADER,"112227","12",74796.726117619487923
LAMWO,"28717","3",78847.069185391417705
AMURU,"101918","44",22559.594231295614009
GULU,"80267","3",34263.368702648833278
LAMWO,"15315","5",101853.839057224191492
GULU,"127694","11",14733.899603799931356
KITGUM,"40061","5",104787.462270830568741
NWOYA,"170998","3",42689.074066794608370
GULU,"132852","21",2537.560864811588999
AMURU,"74086","42",42680.560950517123274
GULU,"151412","6",41719.800433359916497
KITGUM,"29756","7",148796.052333718253067
AGAGO,"93681","6",141258.212618377554463
PADER,"88526","9",66904.723521647902089
AMURU,"21517","11",70943.311713297822280
GULU,"156580","4",26929.609529788976943
KITGUM,"40080","27",82320.539016979237203
KITGUM,"32866","7",150373.838837980758399
GULU,"89572","6",32315.295563952779048
NWOYA,"157618","3",44738.482899293907394
AMURU,"63799","11",52090.850722236558795
KITGUM,"39056","5",100199.491962968269945
NWOYA,"139065","3",32775.824266407726100
NWOYA,"147315","3",32401.633688704128872
GULU,"124634","21",216.700297478361307
NWOYA,"139068","3",31504.677147764956317
PADER,"100922","12",81504.038697037191014
GULU,"147318","5",16578.181779132268275
KITGUM,"62777","34",102707.213816279909224
AGAGO,"106080","6",131606.254333228454925
AGAGO,"138044","49",85803.096389319674927
GULU,"151449","5",18450.834784369271802
GULU,"132894","4",20629.107548209140077
KITGUM,"30827","5",96663.672088148858165
KITGUM,"25672","7",143503.464302628126461
PADER,"84439","15",74418.202611237808014
GULU,"86503","3",30252.090721228410985
AGAGO,"138054","13",135867.334129189111991
AGAGO,"88569","6",140149.531545811769320
KITGUM,"12278","4",113734.005006099585444
GULU,"141153","6",45697.378119917098957
AGAGO,"89605","6",128440.907629172550514
GULU,"106101","6",22906.125058484321926
PADER,"77236","20",46966.820572670170804
AGAGO,"109198","49",102065.150104340791586
PADER,"77240","6",69590.935206018286408
AGAGO,"131884","26",112326.099257996800588
LAMWO,"1979","10",123833.315585186661338
AGAGO,"90649","6",127292.776288769484381
PADER,"99930","12",82053.356614917283878
LAMWO,"13327","8",98468.178368815089925
AGAGO,"72095","7",132581.428000880405307
GULU,"138081","4",27222.631237259178306
PADER,"73137","6",88661.188831884704996
GULU,"152526","4",26769.919540160815814
LAMWO,"39117","6",64213.693303835629195
KITGUM,"58706","10",112651.164058877388015
GULU,"129847","21",4923.311439861367944
KITGUM,"16439","7",167518.170906194194686
AMURU,"67991","42",51903.375938542041695
NWOYA,"171092","3",44388.411531874211505
LAMWO,"28815","3",77292.373509226250462
AMURU,"125729","10",37816.852336315481807
AGAGO,"65931","7",135795.972974299278576
NWOYA,"164907","3",39952.739802606047306
NWOYA,"157692","3",37457.534069415298291
KITGUM,"61810","6",85464.207312687183730
AGAGO,"97896","6",131454.692168235575082
NWOYA,"168004","3",42404.754724121718027
AMURU,"86557","42",31025.609938427838642
KITGUM,"60782","10",115341.436356815145700
AMURU,"57689","11",58001.036182662923238
PADER,"152542","17",67289.124742864980362
KITGUM,"15420","4",109295.750485499840579
LAMWO,"986","10",134657.255553049297305
PADER,"66972","6",88799.627725102080149
PADER,"152546","10",70914.929578687399044
GULU,"129865","21",1447.904953043750766
KITGUM,"28827","5",91795.571043343981728
LAMWO,"26765","3",80208.097760607211967
LAMWO,"4086","5",119777.049489932527649
KITGUM,"54607","8",86142.593911590374773
GULU,"112347","15",6906.425438677531929
AGAGO,"81419","7",131227.713160488929134
NWOYA,"171116","1",56617.900157253287034
AMURU,"84517","42",36428.742477436710033
GULU,"108230","6",19126.053320380829973
KITGUM,"64929","10",119739.040223302130471
PADER,"78332","6",76305.895858440126176
NWOYA,"148440","3",32387.472977435780194
AMURU,"115449","10",48975.733374858595198
AMURU,"119574","44",18648.686914847075968
AMURU,"59776","11",56787.884684944467153
AGAGO,"73183","33",115628.337579273909796
AGAGO,"105146","6",132025.328903406014433
LAMWO,"19574","6",74526.261153865838423
KITGUM,"22669","4",108947.115892973204609
PADER,"129893","17",68361.254215651206323
NWOYA,"161854","3",47160.110161168238847
NWOYA,"123709","3",48761.632298215758055
LAMWO,"1022","10",134420.184202817879850
NWOYA,"132993","3",82083.893222700702609
KITGUM,"57732","5",99895.063008744167746
GULU,"148461","6",42519.132433098646288
GULU,"136090","6",40800.316606252716156
